Date, Cumulative kWh, Delta +kWh, Days +kWh, Weeks +kWh, Months +kWh, Years +kWh
2022-12-31 17:00, 618.83, 0.29,  0.59,  6.29,  34.84,  169.73
2022-12-31 18:00, 618.83, 0.00,  0.59,  6.29,  34.84,  169.73
2022-12-31 19:00, 618.99, 0.16,  0.75,  6.45,  35.00,  169.89
2022-12-31 20:00, 618.99, 0.00,  0.75,  6.45,  35.00,  169.89
2022-12-31 21:00, 618.99, 0.00,  0.75,  6.45,  35.00,  169.89
2022-12-31 22:00, 618.99, 0.00,  0.75,  6.45,  35.00,  169.89
2022-12-31 23:00, 618.99, 0.00,  0.75,  6.45,  35.00,  169.89
2023-01-01 00:00, 619.26, 0.27,  0.27,  0.27,  0.27,  0.27
2023-01-01 01:00, 619.26, 0.00,  0.27,  0.27,  0.27,  0.27
2023-01-01 02:00, 619.26, 0.00,  0.27,  0.27,  0.27,  0.27
2023-01-01 03:00, 619.26, 0.00,  0.27,  0.27,  0.27,  0.27
2023-01-01 04:00, 619.26, 0.00,  0.27,  0.27,  0.27,  0.27
2023-01-01 05:00, 619.26, 0.00,  0.27,  0.27,  0.27,  0.27
2023-01-01 06:00, 619.26, 0.00,  0.27,  0.27,  0.27,  0.27
2023-01-01 07:00, 619.42, 0.16,  0.43,  0.43,  0.43,  0.43
2023-01-01 08:00, 619.42, 0.00,  0.43,  0.43,  0.43,  0.43
2023-01-01 09:00, 619.42, 0.00,  0.43,  0.43,  0.43,  0.43
2023-01-01 10:00, 619.42, 0.00,  0.43,  0.43,  0.43,  0.43
2023-01-01 11:00, 619.42, 0.00,  0.43,  0.43,  0.43,  0.43
2023-01-01 12:00, 619.42, 0.00,  0.43,  0.43,  0.43,  0.43
2023-01-01 13:00, 619.42, 0.00,  0.43,  0.43,  0.43,  0.43
2023-01-01 14:00, 619.42, 0.00,  0.43,  0.43,  0.43,  0.43
2023-01-01 15:00, 619.42, 0.00,  0.43,  0.43,  0.43,  0.43
2023-01-01 16:00, 619.42, 0.00,  0.43,  0.43,  0.43,  0.43
2023-01-01 17:00, 619.42, 0.00,  0.43,  0.43,  0.43,  0.43
2023-01-01 18:00, 619.42, 0.00,  0.43,  0.43,  0.43,  0.43
2023-01-01 19:00, 619.42, 0.00,  0.43,  0.43,  0.43,  0.43
2023-01-01 20:00, 619.42, 0.00,  0.43,  0.43,  0.43,  0.43
2023-01-01 21:00, 619.42, 0.00,  0.43,  0.43,  0.43,  0.43
2023-01-01 22:00, 619.68, 0.26,  0.69,  0.69,  0.69,  0.69
2023-01-01 23:00, 619.68, 0.00,  0.69,  0.69,  0.69,  0.69
2023-01-02 00:00, 619.68, 0.00,  0.00,  0.00,  0.69,  0.69
2023-01-02 01:00, 619.78, 0.10,  0.10,  0.10,  0.79,  0.79
2023-01-02 02:00, 619.78, 0.00,  0.10,  0.10,  0.79,  0.79
2023-01-02 03:00, 619.79, 0.01,  0.11,  0.11,  0.80,  0.80
2023-01-02 04:00, 619.79, 0.00,  0.11,  0.11,  0.80,  0.80
2023-01-02 05:00, 619.79, 0.00,  0.11,  0.11,  0.80,  0.80
2023-01-02 06:00, 619.79, 0.00,  0.11,  0.11,  0.80,  0.80
2023-01-02 07:00, 619.92, 0.13,  0.24,  0.24,  0.93,  0.93
2023-01-02 08:00, 619.92, 0.00,  0.24,  0.24,  0.93,  0.93
2023-01-02 09:00, 619.92, 0.00,  0.24,  0.24,  0.93,  0.93
2023-01-02 10:00, 619.92, 0.00,  0.24,  0.24,  0.93,  0.93
2023-01-02 11:00, 619.93, 0.01,  0.25,  0.25,  0.94,  0.94
2023-01-02 12:00, 619.93, 0.00,  0.25,  0.25,  0.94,  0.94
2023-01-02 13:00, 619.93, 0.00,  0.25,  0.25,  0.94,  0.94
2023-01-02 14:00, 619.93, 0.00,  0.25,  0.25,  0.94,  0.94
2023-01-02 15:00, 619.93, 0.00,  0.25,  0.25,  0.94,  0.94
2023-01-02 16:00, 619.94, 0.01,  0.26,  0.26,  0.95,  0.95
2023-01-02 17:00, 619.94, 0.00,  0.26,  0.26,  0.95,  0.95
2023-01-02 18:00, 619.94, 0.00,  0.26,  0.26,  0.95,  0.95
2023-01-02 19:00, 619.94, 0.00,  0.26,  0.26,  0.95,  0.95
2023-01-02 20:00, 619.94, 0.00,  0.26,  0.26,  0.95,  0.95
2023-01-02 21:00, 619.95, 0.01,  0.27,  0.27,  0.96,  0.96
2023-01-02 22:00, 620.05, 0.10,  0.37,  0.37,  1.06,  1.06
2023-01-02 23:00, 620.05, 0.00,  0.37,  0.37,  1.06,  1.06
2023-01-03 00:00, 620.05, 0.00,  0.00,  0.37,  1.06,  1.06
2023-01-03 01:00, 620.05, 0.00,  0.00,  0.37,  1.06,  1.06
2023-01-03 02:00, 620.06, 0.01,  0.01,  0.38,  1.07,  1.07
2023-01-03 03:00, 620.06, 0.00,  0.01,  0.38,  1.07,  1.07
2023-01-03 04:00, 620.06, 0.00,  0.01,  0.38,  1.07,  1.07
2023-01-03 05:00, 620.06, 0.00,  0.01,  0.38,  1.07,  1.07
2023-01-03 06:00, 620.18, 0.12,  0.13,  0.50,  1.19,  1.19
2023-01-03 07:00, 620.28, 0.10,  0.23,  0.60,  1.29,  1.29
2023-01-03 08:00, 620.28, 0.00,  0.23,  0.60,  1.29,  1.29
2023-01-03 09:00, 620.28, 0.00,  0.23,  0.60,  1.29,  1.29
2023-01-03 10:00, 620.28, 0.00,  0.23,  0.60,  1.29,  1.29
2023-01-03 11:00, 620.29, 0.01,  0.24,  0.61,  1.30,  1.30
2023-01-03 12:00, 620.29, 0.00,  0.24,  0.61,  1.30,  1.30
2023-01-03 13:00, 620.29, 0.00,  0.24,  0.61,  1.30,  1.30
2023-01-03 14:00, 620.29, 0.00,  0.24,  0.61,  1.30,  1.30
2023-01-03 15:00, 620.29, 0.00,  0.24,  0.61,  1.30,  1.30
2023-01-03 16:00, 620.29, 0.00,  0.24,  0.61,  1.30,  1.30
2023-01-03 17:00, 620.30, 0.01,  0.25,  0.62,  1.31,  1.31
2023-01-03 18:00, 620.42, 0.12,  0.37,  0.74,  1.43,  1.43
2023-01-03 19:00, 620.42, 0.00,  0.37,  0.74,  1.43,  1.43
2023-01-03 20:00, 620.42, 0.00,  0.37,  0.74,  1.43,  1.43
2023-01-03 21:00, 620.42, 0.00,  0.37,  0.74,  1.43,  1.43
2023-01-03 22:00, 620.68, 0.26,  0.63,  1.00,  1.69,  1.69
2023-01-03 23:00, 620.68, 0.00,  0.63,  1.00,  1.69,  1.69
2023-01-04 00:00, 620.68, 0.00,  0.00,  1.00,  1.69,  1.69
2023-01-04 01:00, 620.68, 0.00,  0.00,  1.00,  1.69,  1.69
2023-01-04 02:00, 620.68, 0.00,  0.00,  1.00,  1.69,  1.69
2023-01-04 03:00, 620.68, 0.00,  0.00,  1.00,  1.69,  1.69
2023-01-04 04:00, 620.68, 0.00,  0.00,  1.00,  1.69,  1.69
2023-01-04 05:00, 620.68, 0.00,  0.00,  1.00,  1.69,  1.69
2023-01-04 06:00, 620.68, 0.00,  0.00,  1.00,  1.69,  1.69
2023-01-04 07:00, 620.87, 0.19,  0.19,  1.19,  1.88,  1.88
2023-01-04 08:00, 620.96, 0.09,  0.28,  1.28,  1.97,  1.97
2023-01-04 09:00, 620.96, 0.00,  0.28,  1.28,  1.97,  1.97
2023-01-04 10:00, 620.96, 0.00,  0.28,  1.28,  1.97,  1.97
2023-01-04 11:00, 620.96, 0.00,  0.28,  1.28,  1.97,  1.97
2023-01-04 12:00, 620.96, 0.00,  0.28,  1.28,  1.97,  1.97
2023-01-04 13:00, 620.96, 0.00,  0.28,  1.28,  1.97,  1.97
2023-01-04 14:00, 620.96, 0.00,  0.28,  1.28,  1.97,  1.97
2023-01-04 15:00, 620.96, 0.00,  0.28,  1.28,  1.97,  1.97
2023-01-04 16:00, 620.96, 0.00,  0.28,  1.28,  1.97,  1.97
2023-01-04 17:00, 620.96, 0.00,  0.28,  1.28,  1.97,  1.97
2023-01-04 18:00, 620.96, 0.00,  0.28,  1.28,  1.97,  1.97
2023-01-04 19:00, 620.96, 0.00,  0.28,  1.28,  1.97,  1.97
2023-01-04 20:00, 620.96, 0.00,  0.28,  1.28,  1.97,  1.97
2023-01-04 21:00, 620.96, 0.00,  0.28,  1.28,  1.97,  1.97
2023-01-04 22:00, 621.31, 0.35,  0.63,  1.63,  2.32,  2.32
2023-01-04 23:00, 621.31, 0.00,  0.63,  1.63,  2.32,  2.32
2023-01-05 00:00, 621.31, 0.00,  0.00,  1.63,  2.32,  2.32
2023-01-05 01:00, 621.31, 0.00,  0.00,  1.63,  2.32,  2.32
2023-01-05 02:00, 621.31, 0.00,  0.00,  1.63,  2.32,  2.32
2023-01-05 03:00, 621.31, 0.00,  0.00,  1.63,  2.32,  2.32
2023-01-05 04:00, 621.31, 0.00,  0.00,  1.63,  2.32,  2.32
2023-01-05 05:00, 621.31, 0.00,  0.00,  1.63,  2.32,  2.32
2023-01-05 06:00, 621.31, 0.00,  0.00,  1.63,  2.32,  2.32
2023-01-05 07:00, 621.46, 0.15,  0.15,  1.78,  2.47,  2.47
2023-01-05 08:00, 621.46, 0.00,  0.15,  1.78,  2.47,  2.47
2023-01-05 09:00, 621.60, 0.14,  0.29,  1.92,  2.61,  2.61
2023-01-05 10:00, 621.60, 0.00,  0.29,  1.92,  2.61,  2.61
2023-01-05 11:00, 621.60, 0.00,  0.29,  1.92,  2.61,  2.61
2023-01-05 12:00, 621.60, 0.00,  0.29,  1.92,  2.61,  2.61
2023-01-05 13:00, 621.60, 0.00,  0.29,  1.92,  2.61,  2.61
2023-01-05 14:00, 621.60, 0.00,  0.29,  1.92,  2.61,  2.61
2023-01-05 15:00, 621.60, 0.00,  0.29,  1.92,  2.61,  2.61
2023-01-05 16:00, 621.60, 0.00,  0.29,  1.92,  2.61,  2.61
2023-01-05 17:00, 621.60, 0.00,  0.29,  1.92,  2.61,  2.61
2023-01-05 18:00, 621.66, 0.06,  0.35,  1.98,  2.67,  2.67
2023-01-05 19:00, 621.66, 0.00,  0.35,  1.98,  2.67,  2.67
2023-01-05 20:00, 621.66, 0.00,  0.35,  1.98,  2.67,  2.67
2023-01-05 21:00, 621.95, 0.29,  0.64,  2.27,  2.96,  2.96
2023-01-05 22:00, 621.95, 0.00,  0.64,  2.27,  2.96,  2.96
2023-01-05 23:00, 621.95, 0.00,  0.64,  2.27,  2.96,  2.96
2023-01-06 00:00, 621.95, 0.00,  0.00,  2.27,  2.96,  2.96
2023-01-06 01:00, 621.95, 0.00,  0.00,  2.27,  2.96,  2.96
2023-01-06 02:00, 621.95, 0.00,  0.00,  2.27,  2.96,  2.96
2023-01-06 03:00, 621.95, 0.00,  0.00,  2.27,  2.96,  2.96
2023-01-06 04:00, 621.95, 0.00,  0.00,  2.27,  2.96,  2.96
2023-01-06 05:00, 621.95, 0.00,  0.00,  2.27,  2.96,  2.96
2023-01-06 06:00, 621.95, 0.00,  0.00,  2.27,  2.96,  2.96
2023-01-06 07:00, 622.19, 0.24,  0.24,  2.51,  3.20,  3.20
2023-01-06 08:00, 622.19, 0.00,  0.24,  2.51,  3.20,  3.20
2023-01-06 09:00, 622.19, 0.00,  0.24,  2.51,  3.20,  3.20
2023-01-06 10:00, 622.19, 0.00,  0.24,  2.51,  3.20,  3.20
2023-01-06 11:00, 622.19, 0.00,  0.24,  2.51,  3.20,  3.20
2023-01-06 12:00, 622.19, 0.00,  0.24,  2.51,  3.20,  3.20
2023-01-06 13:00, 622.19, 0.00,  0.24,  2.51,  3.20,  3.20
2023-01-06 14:00, 622.19, 0.00,  0.24,  2.51,  3.20,  3.20
2023-01-06 15:00, 622.19, 0.00,  0.24,  2.51,  3.20,  3.20
2023-01-06 16:00, 622.19, 0.00,  0.24,  2.51,  3.20,  3.20
2023-01-06 17:00, 622.19, 0.00,  0.24,  2.51,  3.20,  3.20
2023-01-06 18:00, 622.19, 0.00,  0.24,  2.51,  3.20,  3.20
2023-01-06 19:00, 622.19, 0.00,  0.24,  2.51,  3.20,  3.20
2023-01-06 20:00, 622.19, 0.00,  0.24,  2.51,  3.20,  3.20
2023-01-06 21:00, 622.19, 0.00,  0.24,  2.51,  3.20,  3.20
2023-01-06 22:00, 622.48, 0.29,  0.53,  2.80,  3.49,  3.49
2023-01-06 23:00, 622.48, 0.00,  0.53,  2.80,  3.49,  3.49
2023-01-07 00:00, 622.48, 0.00,  0.00,  2.80,  3.49,  3.49
2023-01-07 01:00, 622.48, 0.00,  0.00,  2.80,  3.49,  3.49
2023-01-07 02:00, 622.48, 0.00,  0.00,  2.80,  3.49,  3.49
2023-01-07 03:00, 622.48, 0.00,  0.00,  2.80,  3.49,  3.49
2023-01-07 04:00, 622.48, 0.00,  0.00,  2.80,  3.49,  3.49
2023-01-07 05:00, 622.48, 0.00,  0.00,  2.80,  3.49,  3.49
2023-01-07 06:00, 622.48, 0.00,  0.00,  2.80,  3.49,  3.49
2023-01-07 07:00, 622.72, 0.24,  0.24,  3.04,  3.73,  3.73
2023-01-07 08:00, 622.82, 0.10,  0.34,  3.14,  3.83,  3.83
2023-01-07 09:00, 622.82, 0.00,  0.34,  3.14,  3.83,  3.83
2023-01-07 10:00, 622.82, 0.00,  0.34,  3.14,  3.83,  3.83
2023-01-07 11:00, 622.82, 0.00,  0.34,  3.14,  3.83,  3.83
2023-01-07 12:00, 622.82, 0.00,  0.34,  3.14,  3.83,  3.83
2023-01-07 13:00, 622.82, 0.00,  0.34,  3.14,  3.83,  3.83
2023-01-07 14:00, 622.82, 0.00,  0.34,  3.14,  3.83,  3.83
2023-01-07 15:00, 622.82, 0.00,  0.34,  3.14,  3.83,  3.83
2023-01-07 16:00, 622.87, 0.05,  0.39,  3.19,  3.88,  3.88
2023-01-07 17:00, 622.87, 0.00,  0.39,  3.19,  3.88,  3.88
2023-01-07 18:00, 622.87, 0.00,  0.39,  3.19,  3.88,  3.88
2023-01-07 19:00, 622.87, 0.00,  0.39,  3.19,  3.88,  3.88
2023-01-07 20:00, 622.87, 0.00,  0.39,  3.19,  3.88,  3.88
2023-01-07 21:00, 622.87, 0.00,  0.39,  3.19,  3.88,  3.88
2023-01-07 22:00, 622.95, 0.08,  0.47,  3.27,  3.96,  3.96
2023-01-07 23:00, 622.98, 0.03,  0.50,  3.30,  3.99,  3.99
2023-01-08 00:00, 622.98, 0.00,  0.00,  3.30,  3.99,  3.99
2023-01-08 01:00, 622.98, 0.00,  0.00,  3.30,  3.99,  3.99
2023-01-08 02:00, 622.98, 0.00,  0.00,  3.30,  3.99,  3.99
2023-01-08 03:00, 622.98, 0.00,  0.00,  3.30,  3.99,  3.99
2023-01-08 04:00, 622.99, 0.01,  0.01,  3.31,  4.00,  4.00
2023-01-08 05:00, 622.99, 0.00,  0.01,  3.31,  4.00,  4.00
2023-01-08 06:00, 622.99, 0.00,  0.01,  3.31,  4.00,  4.00
2023-01-08 07:00, 622.99, 0.00,  0.01,  3.31,  4.00,  4.00
2023-01-08 08:00, 623.18, 0.19,  0.20,  3.50,  4.19,  4.19
2023-01-08 09:00, 623.18, 0.00,  0.20,  3.50,  4.19,  4.19
2023-01-08 10:00, 623.18, 0.00,  0.20,  3.50,  4.19,  4.19
2023-01-08 11:00, 623.18, 0.00,  0.20,  3.50,  4.19,  4.19
2023-01-08 12:00, 623.18, 0.00,  0.20,  3.50,  4.19,  4.19
2023-01-08 13:00, 623.18, 0.00,  0.20,  3.50,  4.19,  4.19
2023-01-08 14:00, 623.18, 0.00,  0.20,  3.50,  4.19,  4.19
2023-01-08 15:00, 623.18, 0.00,  0.20,  3.50,  4.19,  4.19
2023-01-08 16:00, 623.18, 0.00,  0.20,  3.50,  4.19,  4.19
2023-01-08 17:00, 623.18, 0.00,  0.20,  3.50,  4.19,  4.19
2023-01-08 18:00, 623.18, 0.00,  0.20,  3.50,  4.19,  4.19
2023-01-08 19:00, 623.18, 0.00,  0.20,  3.50,  4.19,  4.19
2023-01-08 20:00, 623.18, 0.00,  0.20,  3.50,  4.19,  4.19
2023-01-08 21:00, 623.18, 0.00,  0.20,  3.50,  4.19,  4.19
2023-01-08 22:00, 623.52, 0.34,  0.54,  3.84,  4.53,  4.53
2023-01-08 23:00, 623.52, 0.00,  0.54,  3.84,  4.53,  4.53
2023-01-09 00:00, 623.52, 0.00,  0.00,  0.00,  4.53,  4.53
2023-01-09 01:00, 623.52, 0.00,  0.00,  0.00,  4.53,  4.53
2023-01-09 02:00, 623.52, 0.00,  0.00,  0.00,  4.53,  4.53
2023-01-09 03:00, 623.52, 0.00,  0.00,  0.00,  4.53,  4.53
2023-01-09 04:00, 623.52, 0.00,  0.00,  0.00,  4.53,  4.53
2023-01-09 05:00, 623.52, 0.00,  0.00,  0.00,  4.53,  4.53
2023-01-09 06:00, 623.52, 0.00,  0.00,  0.00,  4.53,  4.53
2023-01-09 07:00, 623.74, 0.22,  0.22,  0.22,  4.75,  4.75
2023-01-09 08:00, 623.93, 0.19,  0.41,  0.41,  4.94,  4.94
2023-01-09 09:00, 623.93, 0.00,  0.41,  0.41,  4.94,  4.94
2023-01-09 10:00, 623.93, 0.00,  0.41,  0.41,  4.94,  4.94
2023-01-09 11:00, 623.93, 0.00,  0.41,  0.41,  4.94,  4.94
2023-01-09 12:00, 623.93, 0.00,  0.41,  0.41,  4.94,  4.94
2023-01-09 13:00, 624.16, 0.23,  0.64,  0.64,  5.17,  5.17
2023-01-09 14:00, 624.16, 0.00,  0.64,  0.64,  5.17,  5.17
2023-01-09 15:00, 624.16, 0.00,  0.64,  0.64,  5.17,  5.17
2023-01-09 16:00, 624.16, 0.00,  0.64,  0.64,  5.17,  5.17
2023-01-09 17:00, 624.16, 0.00,  0.64,  0.64,  5.17,  5.17
2023-01-09 18:00, 624.16, 0.00,  0.64,  0.64,  5.17,  5.17
2023-01-09 19:00, 624.16, 0.00,  0.64,  0.64,  5.17,  5.17
2023-01-09 20:00, 624.16, 0.00,  0.64,  0.64,  5.17,  5.17
2023-01-09 21:00, 624.16, 0.00,  0.64,  0.64,  5.17,  5.17
2023-01-09 22:00, 624.47, 0.31,  0.95,  0.95,  5.48,  5.48
2023-01-09 23:00, 624.47, 0.00,  0.95,  0.95,  5.48,  5.48
2023-01-10 00:00, 624.47, 0.00,  0.00,  0.95,  5.48,  5.48
2023-01-10 01:00, 624.47, 0.00,  0.00,  0.95,  5.48,  5.48
2023-01-10 02:00, 624.47, 0.00,  0.00,  0.95,  5.48,  5.48
2023-01-10 03:00, 624.47, 0.00,  0.00,  0.95,  5.48,  5.48
2023-01-10 04:00, 624.47, 0.00,  0.00,  0.95,  5.48,  5.48
2023-01-10 05:00, 624.47, 0.00,  0.00,  0.95,  5.48,  5.48
2023-01-10 06:00, 624.47, 0.00,  0.00,  0.95,  5.48,  5.48
2023-01-10 07:00, 624.72, 0.25,  0.25,  1.20,  5.73,  5.73
2023-01-10 08:00, 624.72, 0.00,  0.25,  1.20,  5.73,  5.73
2023-01-10 09:00, 624.72, 0.00,  0.25,  1.20,  5.73,  5.73
2023-01-10 10:00, 624.82, 0.10,  0.35,  1.30,  5.83,  5.83
2023-01-10 11:00, 624.82, 0.00,  0.35,  1.30,  5.83,  5.83
2023-01-10 12:00, 624.82, 0.00,  0.35,  1.30,  5.83,  5.83
2023-01-10 13:00, 624.83, 0.01,  0.36,  1.31,  5.84,  5.84
2023-01-10 14:00, 624.83, 0.00,  0.36,  1.31,  5.84,  5.84
2023-01-10 15:00, 624.83, 0.00,  0.36,  1.31,  5.84,  5.84
2023-01-10 16:00, 624.83, 0.00,  0.36,  1.31,  5.84,  5.84
2023-01-10 17:00, 624.83, 0.00,  0.36,  1.31,  5.84,  5.84
2023-01-10 18:00, 624.83, 0.00,  0.36,  1.31,  5.84,  5.84
2023-01-10 19:00, 624.83, 0.00,  0.36,  1.31,  5.84,  5.84
2023-01-10 20:00, 624.83, 0.00,  0.36,  1.31,  5.84,  5.84
2023-01-10 21:00, 624.83, 0.00,  0.36,  1.31,  5.84,  5.84
2023-01-10 22:00, 625.14, 0.31,  0.67,  1.62,  6.15,  6.15
2023-01-10 23:00, 625.14, 0.00,  0.67,  1.62,  6.15,  6.15
2023-01-11 00:00, 625.14, 0.00,  0.00,  1.62,  6.15,  6.15
2023-01-11 01:00, 625.14, 0.00,  0.00,  1.62,  6.15,  6.15
2023-01-11 02:00, 625.14, 0.00,  0.00,  1.62,  6.15,  6.15
2023-01-11 03:00, 625.14, 0.00,  0.00,  1.62,  6.15,  6.15
2023-01-11 04:00, 625.14, 0.00,  0.00,  1.62,  6.15,  6.15
2023-01-11 05:00, 625.14, 0.00,  0.00,  1.62,  6.15,  6.15
2023-01-11 06:00, 625.14, 0.00,  0.00,  1.62,  6.15,  6.15
2023-01-11 07:00, 625.32, 0.18,  0.18,  1.80,  6.33,  6.33
2023-01-11 08:00, 625.32, 0.00,  0.18,  1.80,  6.33,  6.33
2023-01-11 09:00, 625.32, 0.00,  0.18,  1.80,  6.33,  6.33
2023-01-11 10:00, 625.32, 0.00,  0.18,  1.80,  6.33,  6.33
2023-01-11 11:00, 625.32, 0.00,  0.18,  1.80,  6.33,  6.33
2023-01-11 12:00, 625.32, 0.00,  0.18,  1.80,  6.33,  6.33
2023-01-11 13:00, 625.32, 0.00,  0.18,  1.80,  6.33,  6.33
2023-01-11 14:00, 625.32, 0.00,  0.18,  1.80,  6.33,  6.33
2023-01-11 15:00, 625.32, 0.00,  0.18,  1.80,  6.33,  6.33
2023-01-11 16:00, 625.32, 0.00,  0.18,  1.80,  6.33,  6.33
2023-01-11 17:00, 625.32, 0.00,  0.18,  1.80,  6.33,  6.33
2023-01-11 18:00, 625.32, 0.00,  0.18,  1.80,  6.33,  6.33
2023-01-11 19:00, 625.32, 0.00,  0.18,  1.80,  6.33,  6.33
2023-01-11 20:00, 625.32, 0.00,  0.18,  1.80,  6.33,  6.33
2023-01-11 21:00, 625.32, 0.00,  0.18,  1.80,  6.33,  6.33
2023-01-11 22:00, 625.61, 0.29,  0.47,  2.09,  6.62,  6.62
2023-01-11 23:00, 625.61, 0.00,  0.47,  2.09,  6.62,  6.62
2023-01-12 00:00, 625.61, 0.00,  0.00,  2.09,  6.62,  6.62
2023-01-12 01:00, 625.61, 0.00,  0.00,  2.09,  6.62,  6.62
2023-01-12 02:00, 625.61, 0.00,  0.00,  2.09,  6.62,  6.62
2023-01-12 03:00, 625.61, 0.00,  0.00,  2.09,  6.62,  6.62
2023-01-12 04:00, 625.61, 0.00,  0.00,  2.09,  6.62,  6.62
2023-01-12 05:00, 625.61, 0.00,  0.00,  2.09,  6.62,  6.62
2023-01-12 06:00, 625.61, 0.00,  0.00,  2.09,  6.62,  6.62
2023-01-12 07:00, 625.88, 0.27,  0.27,  2.36,  6.89,  6.89
2023-01-12 08:00, 626.11, 0.23,  0.50,  2.59,  7.12,  7.12
2023-01-12 09:00, 626.39, 0.28,  0.78,  2.87,  7.40,  7.40
2023-01-12 10:00, 626.39, 0.00,  0.78,  2.87,  7.40,  7.40
2023-01-12 11:00, 626.39, 0.00,  0.78,  2.87,  7.40,  7.40
2023-01-12 12:00, 626.39, 0.00,  0.78,  2.87,  7.40,  7.40
2023-01-12 13:00, 626.39, 0.00,  0.78,  2.87,  7.40,  7.40
2023-01-12 14:00, 626.39, 0.00,  0.78,  2.87,  7.40,  7.40
2023-01-12 15:00, 626.39, 0.00,  0.78,  2.87,  7.40,  7.40
2023-01-12 16:00, 626.39, 0.00,  0.78,  2.87,  7.40,  7.40
2023-01-12 17:00, 626.39, 0.00,  0.78,  2.87,  7.40,  7.40
2023-01-12 18:00, 626.39, 0.00,  0.78,  2.87,  7.40,  7.40
2023-01-12 19:00, 626.39, 0.00,  0.78,  2.87,  7.40,  7.40
2023-01-12 20:00, 626.39, 0.00,  0.78,  2.87,  7.40,  7.40
2023-01-12 21:00, 626.39, 0.00,  0.78,  2.87,  7.40,  7.40
2023-01-12 22:00, 626.69, 0.30,  1.08,  3.17,  7.70,  7.70
2023-01-12 23:00, 626.69, 0.00,  1.08,  3.17,  7.70,  7.70
2023-01-13 00:00, 626.69, 0.00,  0.00,  3.17,  7.70,  7.70
2023-01-13 01:00, 626.69, 0.00,  0.00,  3.17,  7.70,  7.70
2023-01-13 02:00, 626.69, 0.00,  0.00,  3.17,  7.70,  7.70
2023-01-13 03:00, 626.69, 0.00,  0.00,  3.17,  7.70,  7.70
2023-01-13 04:00, 626.69, 0.00,  0.00,  3.17,  7.70,  7.70
2023-01-13 05:00, 626.69, 0.00,  0.00,  3.17,  7.70,  7.70
2023-01-13 06:00, 626.69, 0.00,  0.00,  3.17,  7.70,  7.70
2023-01-13 07:00, 626.94, 0.25,  0.25,  3.42,  7.95,  7.95
2023-01-13 08:00, 627.08, 0.14,  0.39,  3.56,  8.09,  8.09
2023-01-13 09:00, 627.08, 0.00,  0.39,  3.56,  8.09,  8.09
2023-01-13 10:00, 627.08, 0.00,  0.39,  3.56,  8.09,  8.09
2023-01-13 11:00, 627.08, 0.00,  0.39,  3.56,  8.09,  8.09
2023-01-13 12:00, 627.08, 0.00,  0.39,  3.56,  8.09,  8.09
2023-01-13 13:00, 627.08, 0.00,  0.39,  3.56,  8.09,  8.09
2023-01-13 14:00, 627.18, 0.10,  0.49,  3.66,  8.19,  8.19
2023-01-13 15:00, 627.18, 0.00,  0.49,  3.66,  8.19,  8.19
2023-01-13 16:00, 627.18, 0.00,  0.49,  3.66,  8.19,  8.19
2023-01-13 17:00, 627.18, 0.00,  0.49,  3.66,  8.19,  8.19
2023-01-13 18:00, 627.18, 0.00,  0.49,  3.66,  8.19,  8.19
2023-01-13 19:00, 627.18, 0.00,  0.49,  3.66,  8.19,  8.19
2023-01-13 20:00, 627.18, 0.00,  0.49,  3.66,  8.19,  8.19
2023-01-13 21:00, 627.18, 0.00,  0.49,  3.66,  8.19,  8.19
2023-01-13 22:00, 627.49, 0.31,  0.80,  3.97,  8.50,  8.50
2023-01-13 23:00, 627.49, 0.00,  0.80,  3.97,  8.50,  8.50
2023-01-14 00:00, 627.49, 0.00,  0.00,  3.97,  8.50,  8.50
2023-01-14 01:00, 627.49, 0.00,  0.00,  3.97,  8.50,  8.50
2023-01-14 02:00, 627.49, 0.00,  0.00,  3.97,  8.50,  8.50
2023-01-14 03:00, 627.49, 0.00,  0.00,  3.97,  8.50,  8.50
2023-01-14 04:00, 627.49, 0.00,  0.00,  3.97,  8.50,  8.50
2023-01-14 05:00, 627.49, 0.00,  0.00,  3.97,  8.50,  8.50
2023-01-14 06:00, 627.49, 0.00,  0.00,  3.97,  8.50,  8.50
2023-01-14 07:00, 627.87, 0.38,  0.38,  4.35,  8.88,  8.88
2023-01-14 08:00, 628.18, 0.31,  0.69,  4.66,  9.19,  9.19
2023-01-14 09:00, 628.18, 0.00,  0.69,  4.66,  9.19,  9.19
2023-01-14 10:00, 628.18, 0.00,  0.69,  4.66,  9.19,  9.19
2023-01-14 11:00, 628.18, 0.00,  0.69,  4.66,  9.19,  9.19
2023-01-14 12:00, 628.18, 0.00,  0.69,  4.66,  9.19,  9.19
2023-01-14 13:00, 628.18, 0.00,  0.69,  4.66,  9.19,  9.19
2023-01-14 14:00, 628.18, 0.00,  0.69,  4.66,  9.19,  9.19
2023-01-14 15:00, 628.18, 0.00,  0.69,  4.66,  9.19,  9.19
2023-01-14 16:00, 628.18, 0.00,  0.69,  4.66,  9.19,  9.19
2023-01-14 17:00, 628.18, 0.00,  0.69,  4.66,  9.19,  9.19
2023-01-14 18:00, 628.18, 0.00,  0.69,  4.66,  9.19,  9.19
2023-01-14 19:00, 628.18, 0.00,  0.69,  4.66,  9.19,  9.19
2023-01-14 20:00, 628.18, 0.00,  0.69,  4.66,  9.19,  9.19
2023-01-14 21:00, 628.18, 0.00,  0.69,  4.66,  9.19,  9.19
2023-01-14 22:00, 628.50, 0.32,  1.01,  4.98,  9.51,  9.51
2023-01-14 23:00, 628.54, 0.04,  1.05,  5.02,  9.55,  9.55
2023-01-15 00:00, 628.54, 0.00,  0.00,  5.02,  9.55,  9.55
2023-01-15 01:00, 628.54, 0.00,  0.00,  5.02,  9.55,  9.55
2023-01-15 02:00, 628.54, 0.00,  0.00,  5.02,  9.55,  9.55
2023-01-15 03:00, 628.54, 0.00,  0.00,  5.02,  9.55,  9.55
2023-01-15 04:00, 628.54, 0.00,  0.00,  5.02,  9.55,  9.55
2023-01-15 05:00, 628.54, 0.00,  0.00,  5.02,  9.55,  9.55
2023-01-15 06:00, 628.54, 0.00,  0.00,  5.02,  9.55,  9.55
2023-01-15 07:00, 629.20, 0.66,  0.66,  5.68,  10.21,  10.21
2023-01-15 08:00, 629.39, 0.19,  0.85,  5.87,  10.40,  10.40
2023-01-15 09:00, 629.39, 0.00,  0.85,  5.87,  10.40,  10.40
2023-01-15 10:00, 629.39, 0.00,  0.85,  5.87,  10.40,  10.40
2023-01-15 11:00, 629.39, 0.00,  0.85,  5.87,  10.40,  10.40
2023-01-15 12:00, 629.39, 0.00,  0.85,  5.87,  10.40,  10.40
2023-01-15 13:00, 629.39, 0.00,  0.85,  5.87,  10.40,  10.40
2023-01-15 14:00, 629.39, 0.00,  0.85,  5.87,  10.40,  10.40
2023-01-15 15:00, 629.39, 0.00,  0.85,  5.87,  10.40,  10.40
2023-01-15 16:00, 629.39, 0.00,  0.85,  5.87,  10.40,  10.40
2023-01-15 17:00, 629.39, 0.00,  0.85,  5.87,  10.40,  10.40
2023-01-15 18:00, 629.39, 0.00,  0.85,  5.87,  10.40,  10.40
2023-01-15 19:00, 629.60, 0.21,  1.06,  6.08,  10.61,  10.61
2023-01-15 20:00, 629.60, 0.00,  1.06,  6.08,  10.61,  10.61
2023-01-15 21:00, 629.60, 0.00,  1.06,  6.08,  10.61,  10.61
2023-01-15 22:00, 629.60, 0.00,  1.06,  6.08,  10.61,  10.61
2023-01-15 23:00, 629.87, 0.27,  1.33,  6.35,  10.88,  10.88
2023-01-16 00:00, 629.87, 0.00,  0.00,  0.00,  10.88,  10.88
2023-01-16 01:00, 629.87, 0.00,  0.00,  0.00,  10.88,  10.88
2023-01-16 02:00, 629.87, 0.00,  0.00,  0.00,  10.88,  10.88
2023-01-16 03:00, 629.87, 0.00,  0.00,  0.00,  10.88,  10.88
2023-01-16 04:00, 629.87, 0.00,  0.00,  0.00,  10.88,  10.88
2023-01-16 05:00, 629.87, 0.00,  0.00,  0.00,  10.88,  10.88
2023-01-16 06:00, 629.87, 0.00,  0.00,  0.00,  10.88,  10.88
2023-01-16 07:00, 630.05, 0.18,  0.18,  0.18,  11.06,  11.06
2023-01-16 08:00, 630.32, 0.27,  0.45,  0.45,  11.33,  11.33
2023-01-16 09:00, 630.32, 0.00,  0.45,  0.45,  11.33,  11.33
2023-01-16 10:00, 630.32, 0.00,  0.45,  0.45,  11.33,  11.33
2023-01-16 11:00, 630.32, 0.00,  0.45,  0.45,  11.33,  11.33
2023-01-16 12:00, 630.32, 0.00,  0.45,  0.45,  11.33,  11.33
2023-01-16 13:00, 630.32, 0.00,  0.45,  0.45,  11.33,  11.33
2023-01-16 14:00, 630.32, 0.00,  0.45,  0.45,  11.33,  11.33
2023-01-16 15:00, 630.32, 0.00,  0.45,  0.45,  11.33,  11.33
2023-01-16 16:00, 630.32, 0.00,  0.45,  0.45,  11.33,  11.33
2023-01-16 17:00, 630.32, 0.00,  0.45,  0.45,  11.33,  11.33
2023-01-16 18:00, 630.32, 0.00,  0.45,  0.45,  11.33,  11.33
2023-01-16 19:00, 630.32, 0.00,  0.45,  0.45,  11.33,  11.33
2023-01-16 20:00, 630.32, 0.00,  0.45,  0.45,  11.33,  11.33
2023-01-16 21:00, 630.32, 0.00,  0.45,  0.45,  11.33,  11.33
2023-01-16 22:00, 630.68, 0.36,  0.81,  0.81,  11.69,  11.69
2023-01-16 23:00, 630.68, 0.00,  0.81,  0.81,  11.69,  11.69
2023-01-17 00:00, 630.68, 0.00,  0.00,  0.81,  11.69,  11.69
2023-01-17 01:00, 630.68, 0.00,  0.00,  0.81,  11.69,  11.69
2023-01-17 02:00, 630.68, 0.00,  0.00,  0.81,  11.69,  11.69
2023-01-17 03:00, 630.68, 0.00,  0.00,  0.81,  11.69,  11.69
2023-01-17 04:00, 630.68, 0.00,  0.00,  0.81,  11.69,  11.69
2023-01-17 05:00, 630.68, 0.00,  0.00,  0.81,  11.69,  11.69
2023-01-17 06:00, 630.86, 0.18,  0.18,  0.99,  11.87,  11.87
2023-01-17 07:00, 630.86, 0.00,  0.18,  0.99,  11.87,  11.87
2023-01-17 08:00, 630.96, 0.10,  0.28,  1.09,  11.97,  11.97
2023-01-17 09:00, 630.96, 0.00,  0.28,  1.09,  11.97,  11.97
2023-01-17 10:00, 630.96, 0.00,  0.28,  1.09,  11.97,  11.97
2023-01-17 11:00, 630.96, 0.00,  0.28,  1.09,  11.97,  11.97
2023-01-17 12:00, 631.03, 0.07,  0.35,  1.16,  12.04,  12.04
2023-01-17 13:00, 631.03, 0.00,  0.35,  1.16,  12.04,  12.04
2023-01-17 14:00, 631.03, 0.00,  0.35,  1.16,  12.04,  12.04
2023-01-17 15:00, 631.03, 0.00,  0.35,  1.16,  12.04,  12.04
2023-01-17 16:00, 631.03, 0.00,  0.35,  1.16,  12.04,  12.04
2023-01-17 17:00, 631.03, 0.00,  0.35,  1.16,  12.04,  12.04
2023-01-17 18:00, 631.03, 0.00,  0.35,  1.16,  12.04,  12.04
2023-01-17 19:00, 631.03, 0.00,  0.35,  1.16,  12.04,  12.04
2023-01-17 20:00, 631.03, 0.00,  0.35,  1.16,  12.04,  12.04
2023-01-17 21:00, 631.03, 0.00,  0.35,  1.16,  12.04,  12.04
2023-01-17 22:00, 631.35, 0.32,  0.67,  1.48,  12.36,  12.36
2023-01-17 23:00, 631.35, 0.00,  0.67,  1.48,  12.36,  12.36
2023-01-18 00:00, 631.35, 0.00,  0.00,  1.48,  12.36,  12.36
2023-01-18 01:00, 631.35, 0.00,  0.00,  1.48,  12.36,  12.36
2023-01-18 02:00, 631.35, 0.00,  0.00,  1.48,  12.36,  12.36
2023-01-18 03:00, 631.35, 0.00,  0.00,  1.48,  12.36,  12.36
2023-01-18 04:00, 631.35, 0.00,  0.00,  1.48,  12.36,  12.36
2023-01-18 05:00, 631.35, 0.00,  0.00,  1.48,  12.36,  12.36
2023-01-18 06:00, 631.35, 0.00,  0.00,  1.48,  12.36,  12.36
2023-01-18 07:00, 631.72, 0.37,  0.37,  1.85,  12.73,  12.73
2023-01-18 08:00, 631.79, 0.07,  0.44,  1.92,  12.80,  12.80
2023-01-18 09:00, 631.90, 0.11,  0.55,  2.03,  12.91,  12.91
2023-01-18 10:00, 631.90, 0.00,  0.55,  2.03,  12.91,  12.91
2023-01-18 11:00, 631.90, 0.00,  0.55,  2.03,  12.91,  12.91
2023-01-18 12:00, 631.92, 0.02,  0.57,  2.05,  12.93,  12.93
2023-01-18 13:00, 631.92, 0.00,  0.57,  2.05,  12.93,  12.93
2023-01-18 14:00, 632.18, 0.26,  0.83,  2.31,  13.19,  13.19
2023-01-18 15:00, 632.26, 0.08,  0.91,  2.39,  13.27,  13.27
2023-01-18 16:00, 632.47, 0.21,  1.12,  2.60,  13.48,  13.48
2023-01-18 17:00, 632.57, 0.10,  1.22,  2.70,  13.58,  13.58
2023-01-18 18:00, 632.57, 0.00,  1.22,  2.70,  13.58,  13.58
2023-01-18 19:00, 632.57, 0.00,  1.22,  2.70,  13.58,  13.58
2023-01-18 20:00, 632.57, 0.00,  1.22,  2.70,  13.58,  13.58
2023-01-18 21:00, 632.57, 0.00,  1.22,  2.70,  13.58,  13.58
2023-01-18 22:00, 632.70, 0.13,  1.35,  2.83,  13.71,  13.71
2023-01-18 23:00, 632.97, 0.27,  1.62,  3.10,  13.98,  13.98
2023-01-19 00:00, 632.97, 0.00,  0.00,  3.10,  13.98,  13.98
2023-01-19 01:00, 632.97, 0.00,  0.00,  3.10,  13.98,  13.98
2023-01-19 02:00, 632.97, 0.00,  0.00,  3.10,  13.98,  13.98
2023-01-19 03:00, 632.98, 0.01,  0.01,  3.11,  13.99,  13.99
2023-01-19 04:00, 632.98, 0.00,  0.01,  3.11,  13.99,  13.99
2023-01-19 05:00, 632.98, 0.00,  0.01,  3.11,  13.99,  13.99
2023-01-19 06:00, 632.98, 0.00,  0.01,  3.11,  13.99,  13.99
2023-01-19 07:00, 633.20, 0.22,  0.23,  3.33,  14.21,  14.21
2023-01-19 08:00, 633.20, 0.00,  0.23,  3.33,  14.21,  14.21
2023-01-19 09:00, 633.41, 0.21,  0.44,  3.54,  14.42,  14.42
2023-01-19 10:00, 633.41, 0.00,  0.44,  3.54,  14.42,  14.42
2023-01-19 11:00, 633.41, 0.00,  0.44,  3.54,  14.42,  14.42
2023-01-19 12:00, 633.41, 0.00,  0.44,  3.54,  14.42,  14.42
2023-01-19 13:00, 633.46, 0.05,  0.49,  3.59,  14.47,  14.47
2023-01-19 14:00, 633.46, 0.00,  0.49,  3.59,  14.47,  14.47
2023-01-19 15:00, 633.46, 0.00,  0.49,  3.59,  14.47,  14.47
2023-01-19 16:00, 633.46, 0.00,  0.49,  3.59,  14.47,  14.47
2023-01-19 17:00, 633.46, 0.00,  0.49,  3.59,  14.47,  14.47
2023-01-19 18:00, 633.46, 0.00,  0.49,  3.59,  14.47,  14.47
2023-01-19 19:00, 633.46, 0.00,  0.49,  3.59,  14.47,  14.47
2023-01-19 20:00, 633.46, 0.00,  0.49,  3.59,  14.47,  14.47
2023-01-19 21:00, 633.46, 0.00,  0.49,  3.59,  14.47,  14.47
2023-01-19 22:00, 633.80, 0.34,  0.83,  3.93,  14.81,  14.81
2023-01-19 23:00, 633.80, 0.00,  0.83,  3.93,  14.81,  14.81
2023-01-20 00:00, 633.80, 0.00,  0.00,  3.93,  14.81,  14.81
2023-01-20 01:00, 633.80, 0.00,  0.00,  3.93,  14.81,  14.81
2023-01-20 02:00, 633.80, 0.00,  0.00,  3.93,  14.81,  14.81
2023-01-20 03:00, 633.80, 0.00,  0.00,  3.93,  14.81,  14.81
2023-01-20 04:00, 633.80, 0.00,  0.00,  3.93,  14.81,  14.81
2023-01-20 05:00, 633.80, 0.00,  0.00,  3.93,  14.81,  14.81
2023-01-20 06:00, 633.80, 0.00,  0.00,  3.93,  14.81,  14.81
2023-01-20 07:00, 633.88, 0.08,  0.08,  4.01,  14.89,  14.89
2023-01-20 08:00, 634.09, 0.21,  0.29,  4.22,  15.10,  15.10
2023-01-20 09:00, 634.09, 0.00,  0.29,  4.22,  15.10,  15.10
2023-01-20 10:00, 634.09, 0.00,  0.29,  4.22,  15.10,  15.10
2023-01-20 11:00, 634.09, 0.00,  0.29,  4.22,  15.10,  15.10
2023-01-20 12:00, 634.09, 0.00,  0.29,  4.22,  15.10,  15.10
2023-01-20 13:00, 634.09, 0.00,  0.29,  4.22,  15.10,  15.10
2023-01-20 14:00, 634.09, 0.00,  0.29,  4.22,  15.10,  15.10
2023-01-20 15:00, 634.09, 0.00,  0.29,  4.22,  15.10,  15.10
2023-01-20 16:00, 634.09, 0.00,  0.29,  4.22,  15.10,  15.10
2023-01-20 17:00, 634.09, 0.00,  0.29,  4.22,  15.10,  15.10
2023-01-20 18:00, 634.09, 0.00,  0.29,  4.22,  15.10,  15.10
2023-01-20 19:00, 634.09, 0.00,  0.29,  4.22,  15.10,  15.10
2023-01-20 20:00, 634.09, 0.00,  0.29,  4.22,  15.10,  15.10
2023-01-20 21:00, 634.09, 0.00,  0.29,  4.22,  15.10,  15.10
2023-01-20 22:00, 634.45, 0.36,  0.65,  4.58,  15.46,  15.46
2023-01-20 23:00, 634.53, 0.08,  0.73,  4.66,  15.54,  15.54
2023-01-21 00:00, 634.53, 0.00,  0.00,  4.66,  15.54,  15.54
2023-01-21 01:00, 634.53, 0.00,  0.00,  4.66,  15.54,  15.54
2023-01-21 02:00, 634.53, 0.00,  0.00,  4.66,  15.54,  15.54
2023-01-21 03:00, 634.53, 0.00,  0.00,  4.66,  15.54,  15.54
2023-01-21 04:00, 634.53, 0.00,  0.00,  4.66,  15.54,  15.54
2023-01-21 05:00, 634.53, 0.00,  0.00,  4.66,  15.54,  15.54
2023-01-21 06:00, 634.53, 0.00,  0.00,  4.66,  15.54,  15.54
2023-01-21 07:00, 635.05, 0.52,  0.52,  5.18,  16.06,  16.06
2023-01-21 08:00, 635.28, 0.23,  0.75,  5.41,  16.29,  16.29
2023-01-21 09:00, 635.28, 0.00,  0.75,  5.41,  16.29,  16.29
2023-01-21 10:00, 635.28, 0.00,  0.75,  5.41,  16.29,  16.29
2023-01-21 11:00, 635.28, 0.00,  0.75,  5.41,  16.29,  16.29
2023-01-21 12:00, 635.28, 0.00,  0.75,  5.41,  16.29,  16.29
2023-01-21 13:00, 635.28, 0.00,  0.75,  5.41,  16.29,  16.29
2023-01-21 14:00, 635.28, 0.00,  0.75,  5.41,  16.29,  16.29
2023-01-21 15:00, 635.28, 0.00,  0.75,  5.41,  16.29,  16.29
2023-01-21 16:00, 635.28, 0.00,  0.75,  5.41,  16.29,  16.29
2023-01-21 17:00, 635.56, 0.28,  1.03,  5.69,  16.57,  16.57
2023-01-21 18:00, 635.56, 0.00,  1.03,  5.69,  16.57,  16.57
2023-01-21 19:00, 635.56, 0.00,  1.03,  5.69,  16.57,  16.57
2023-01-21 20:00, 635.56, 0.00,  1.03,  5.69,  16.57,  16.57
2023-01-21 21:00, 635.56, 0.00,  1.03,  5.69,  16.57,  16.57
2023-01-21 22:00, 635.75, 0.19,  1.22,  5.88,  16.76,  16.76
2023-01-21 23:00, 635.75, 0.00,  1.22,  5.88,  16.76,  16.76
2023-01-22 00:00, 636.04, 0.29,  0.29,  6.17,  17.05,  17.05
2023-01-22 01:00, 636.04, 0.00,  0.29,  6.17,  17.05,  17.05
2023-01-22 02:00, 636.04, 0.00,  0.29,  6.17,  17.05,  17.05
2023-01-22 03:00, 636.04, 0.00,  0.29,  6.17,  17.05,  17.05
2023-01-22 04:00, 636.04, 0.00,  0.29,  6.17,  17.05,  17.05
2023-01-22 05:00, 636.04, 0.00,  0.29,  6.17,  17.05,  17.05
2023-01-22 06:00, 636.04, 0.00,  0.29,  6.17,  17.05,  17.05
2023-01-22 07:00, 636.34, 0.30,  0.59,  6.47,  17.35,  17.35
2023-01-22 08:00, 636.56, 0.22,  0.81,  6.69,  17.57,  17.57
2023-01-22 09:00, 636.56, 0.00,  0.81,  6.69,  17.57,  17.57
2023-01-22 10:00, 636.56, 0.00,  0.81,  6.69,  17.57,  17.57
2023-01-22 11:00, 636.56, 0.00,  0.81,  6.69,  17.57,  17.57
2023-01-22 12:00, 636.56, 0.00,  0.81,  6.69,  17.57,  17.57
2023-01-22 13:00, 636.56, 0.00,  0.81,  6.69,  17.57,  17.57
2023-01-22 14:00, 636.56, 0.00,  0.81,  6.69,  17.57,  17.57
2023-01-22 15:00, 636.56, 0.00,  0.81,  6.69,  17.57,  17.57
2023-01-22 16:00, 636.56, 0.00,  0.81,  6.69,  17.57,  17.57
2023-01-22 17:00, 636.56, 0.00,  0.81,  6.69,  17.57,  17.57
2023-01-22 18:00, 636.78, 0.22,  1.03,  6.91,  17.79,  17.79
2023-01-22 19:00, 636.78, 0.00,  1.03,  6.91,  17.79,  17.79
2023-01-22 20:00, 636.78, 0.00,  1.03,  6.91,  17.79,  17.79
2023-01-22 21:00, 636.78, 0.00,  1.03,  6.91,  17.79,  17.79
2023-01-22 22:00, 637.20, 0.42,  1.45,  7.33,  18.21,  18.21
2023-01-22 23:00, 637.20, 0.00,  1.45,  7.33,  18.21,  18.21
2023-01-23 00:00, 637.20, 0.00,  0.00,  0.00,  18.21,  18.21
2023-01-23 01:00, 637.20, 0.00,  0.00,  0.00,  18.21,  18.21
2023-01-23 02:00, 637.21, 0.01,  0.01,  0.01,  18.22,  18.22
2023-01-23 03:00, 637.21, 0.00,  0.01,  0.01,  18.22,  18.22
2023-01-23 04:00, 637.21, 0.00,  0.01,  0.01,  18.22,  18.22
2023-01-23 05:00, 637.21, 0.00,  0.01,  0.01,  18.22,  18.22
2023-01-23 06:00, 637.22, 0.01,  0.02,  0.02,  18.23,  18.23
2023-01-23 07:00, 637.54, 0.32,  0.34,  0.34,  18.55,  18.55
2023-01-23 08:00, 637.86, 0.32,  0.66,  0.66,  18.87,  18.87
2023-01-23 09:00, 637.86, 0.00,  0.66,  0.66,  18.87,  18.87
2023-01-23 10:00, 637.86, 0.00,  0.66,  0.66,  18.87,  18.87
2023-01-23 11:00, 637.86, 0.00,  0.66,  0.66,  18.87,  18.87
2023-01-23 12:00, 637.86, 0.00,  0.66,  0.66,  18.87,  18.87
2023-01-23 13:00, 637.86, 0.00,  0.66,  0.66,  18.87,  18.87
2023-01-23 14:00, 637.86, 0.00,  0.66,  0.66,  18.87,  18.87
2023-01-23 15:00, 637.86, 0.00,  0.66,  0.66,  18.87,  18.87
2023-01-23 16:00, 637.86, 0.00,  0.66,  0.66,  18.87,  18.87
2023-01-23 17:00, 637.86, 0.00,  0.66,  0.66,  18.87,  18.87
2023-01-23 18:00, 637.86, 0.00,  0.66,  0.66,  18.87,  18.87
2023-01-23 19:00, 637.86, 0.00,  0.66,  0.66,  18.87,  18.87
2023-01-23 20:00, 637.86, 0.00,  0.66,  0.66,  18.87,  18.87
2023-01-23 21:00, 637.86, 0.00,  0.66,  0.66,  18.87,  18.87
2023-01-23 22:00, 638.24, 0.38,  1.04,  1.04,  19.25,  19.25
2023-01-23 23:00, 638.24, 0.00,  1.04,  1.04,  19.25,  19.25
2023-01-24 00:00, 638.24, 0.00,  0.00,  1.04,  19.25,  19.25
2023-01-24 01:00, 638.24, 0.00,  0.00,  1.04,  19.25,  19.25
2023-01-24 02:00, 638.24, 0.00,  0.00,  1.04,  19.25,  19.25
2023-01-24 03:00, 638.24, 0.00,  0.00,  1.04,  19.25,  19.25
2023-01-24 04:00, 638.24, 0.00,  0.00,  1.04,  19.25,  19.25
2023-01-24 05:00, 638.24, 0.00,  0.00,  1.04,  19.25,  19.25
2023-01-24 06:00, 638.44, 0.20,  0.20,  1.24,  19.45,  19.45
2023-01-24 07:00, 639.02, 0.58,  0.78,  1.82,  20.03,  20.03
2023-01-24 08:00, 639.06, 0.04,  0.82,  1.86,  20.07,  20.07
2023-01-24 09:00, 639.15, 0.09,  0.91,  1.95,  20.16,  20.16
2023-01-24 10:00, 639.15, 0.00,  0.91,  1.95,  20.16,  20.16
2023-01-24 11:00, 639.15, 0.00,  0.91,  1.95,  20.16,  20.16
2023-01-24 12:00, 639.15, 0.00,  0.91,  1.95,  20.16,  20.16
2023-01-24 13:00, 639.15, 0.00,  0.91,  1.95,  20.16,  20.16
2023-01-24 14:00, 639.15, 0.00,  0.91,  1.95,  20.16,  20.16
2023-01-24 15:00, 639.15, 0.00,  0.91,  1.95,  20.16,  20.16
2023-01-24 16:00, 639.15, 0.00,  0.91,  1.95,  20.16,  20.16
2023-01-24 17:00, 639.15, 0.00,  0.91,  1.95,  20.16,  20.16
2023-01-24 18:00, 639.15, 0.00,  0.91,  1.95,  20.16,  20.16
2023-01-24 19:00, 639.15, 0.00,  0.91,  1.95,  20.16,  20.16
2023-01-24 20:00, 639.15, 0.00,  0.91,  1.95,  20.16,  20.16
2023-01-24 21:00, 639.15, 0.00,  0.91,  1.95,  20.16,  20.16
2023-01-24 22:00, 639.46, 0.31,  1.22,  2.26,  20.47,  20.47
2023-01-24 23:00, 639.46, 0.00,  1.22,  2.26,  20.47,  20.47
2023-01-25 00:00, 639.46, 0.00,  0.00,  2.26,  20.47,  20.47
2023-01-25 01:00, 639.46, 0.00,  0.00,  2.26,  20.47,  20.47
2023-01-25 02:00, 639.46, 0.00,  0.00,  2.26,  20.47,  20.47
2023-01-25 03:00, 639.46, 0.00,  0.00,  2.26,  20.47,  20.47
2023-01-25 04:00, 639.46, 0.00,  0.00,  2.26,  20.47,  20.47
2023-01-25 05:00, 639.46, 0.00,  0.00,  2.26,  20.47,  20.47
2023-01-25 06:00, 639.46, 0.00,  0.00,  2.26,  20.47,  20.47
2023-01-25 07:00, 639.80, 0.34,  0.34,  2.60,  20.81,  20.81
2023-01-25 08:00, 639.80, 0.00,  0.34,  2.60,  20.81,  20.81
2023-01-25 09:00, 640.03, 0.23,  0.57,  2.83,  21.04,  21.04
2023-01-25 10:00, 640.03, 0.00,  0.57,  2.83,  21.04,  21.04
2023-01-25 11:00, 640.10, 0.07,  0.64,  2.90,  21.11,  21.11
2023-01-25 12:00, 640.26, 0.16,  0.80,  3.06,  21.27,  21.27
2023-01-25 13:00, 640.26, 0.00,  0.80,  3.06,  21.27,  21.27
2023-01-25 14:00, 640.26, 0.00,  0.80,  3.06,  21.27,  21.27
2023-01-25 15:00, 640.31, 0.05,  0.85,  3.11,  21.32,  21.32
2023-01-25 16:00, 640.31, 0.00,  0.85,  3.11,  21.32,  21.32
2023-01-25 17:00, 640.31, 0.00,  0.85,  3.11,  21.32,  21.32
2023-01-25 18:00, 640.31, 0.00,  0.85,  3.11,  21.32,  21.32
2023-01-25 19:00, 640.31, 0.00,  0.85,  3.11,  21.32,  21.32
2023-01-25 20:00, 640.31, 0.00,  0.85,  3.11,  21.32,  21.32
2023-01-25 21:00, 640.31, 0.00,  0.85,  3.11,  21.32,  21.32
2023-01-25 22:00, 640.60, 0.29,  1.14,  3.40,  21.61,  21.61
2023-01-25 23:00, 640.60, 0.00,  1.14,  3.40,  21.61,  21.61
2023-01-26 00:00, 640.60, 0.00,  0.00,  3.40,  21.61,  21.61
2023-01-26 01:00, 640.60, 0.00,  0.00,  3.40,  21.61,  21.61
2023-01-26 02:00, 640.60, 0.00,  0.00,  3.40,  21.61,  21.61
2023-01-26 03:00, 640.60, 0.00,  0.00,  3.40,  21.61,  21.61
2023-01-26 04:00, 640.60, 0.00,  0.00,  3.40,  21.61,  21.61
2023-01-26 05:00, 640.60, 0.00,  0.00,  3.40,  21.61,  21.61
2023-01-26 06:00, 640.60, 0.00,  0.00,  3.40,  21.61,  21.61
2023-01-26 07:00, 640.93, 0.33,  0.33,  3.73,  21.94,  21.94
2023-01-26 08:00, 641.20, 0.27,  0.60,  4.00,  22.21,  22.21
2023-01-26 09:00, 641.20, 0.00,  0.60,  4.00,  22.21,  22.21
2023-01-26 10:00, 641.20, 0.00,  0.60,  4.00,  22.21,  22.21
2023-01-26 11:00, 641.20, 0.00,  0.60,  4.00,  22.21,  22.21
2023-01-26 12:00, 641.20, 0.00,  0.60,  4.00,  22.21,  22.21
2023-01-26 13:00, 641.20, 0.00,  0.60,  4.00,  22.21,  22.21
2023-01-26 14:00, 641.20, 0.00,  0.60,  4.00,  22.21,  22.21
2023-01-26 15:00, 641.20, 0.00,  0.60,  4.00,  22.21,  22.21
2023-01-26 16:00, 641.20, 0.00,  0.60,  4.00,  22.21,  22.21
2023-01-26 17:00, 641.20, 0.00,  0.60,  4.00,  22.21,  22.21
2023-01-26 18:00, 641.20, 0.00,  0.60,  4.00,  22.21,  22.21
2023-01-26 19:00, 641.20, 0.00,  0.60,  4.00,  22.21,  22.21
2023-01-26 20:00, 641.20, 0.00,  0.60,  4.00,  22.21,  22.21
2023-01-26 21:00, 641.20, 0.00,  0.60,  4.00,  22.21,  22.21
2023-01-26 22:00, 641.51, 0.31,  0.91,  4.31,  22.52,  22.52
2023-01-26 23:00, 641.51, 0.00,  0.91,  4.31,  22.52,  22.52
2023-01-27 00:00, 641.51, 0.00,  0.00,  4.31,  22.52,  22.52
2023-01-27 01:00, 641.51, 0.00,  0.00,  4.31,  22.52,  22.52
2023-01-27 02:00, 641.51, 0.00,  0.00,  4.31,  22.52,  22.52
2023-01-27 03:00, 641.51, 0.00,  0.00,  4.31,  22.52,  22.52
2023-01-27 04:00, 641.51, 0.00,  0.00,  4.31,  22.52,  22.52
2023-01-27 05:00, 641.51, 0.00,  0.00,  4.31,  22.52,  22.52
2023-01-27 06:00, 641.51, 0.00,  0.00,  4.31,  22.52,  22.52
2023-01-27 07:00, 641.71, 0.20,  0.20,  4.51,  22.72,  22.72
2023-01-27 08:00, 641.71, 0.00,  0.20,  4.51,  22.72,  22.72
2023-01-27 09:00, 641.90, 0.19,  0.39,  4.70,  22.91,  22.91
2023-01-27 10:00, 641.90, 0.00,  0.39,  4.70,  22.91,  22.91
2023-01-27 11:00, 641.90, 0.00,  0.39,  4.70,  22.91,  22.91
2023-01-27 12:00, 641.90, 0.00,  0.39,  4.70,  22.91,  22.91
2023-01-27 13:00, 641.90, 0.00,  0.39,  4.70,  22.91,  22.91
2023-01-27 14:00, 641.90, 0.00,  0.39,  4.70,  22.91,  22.91
2023-01-27 15:00, 641.90, 0.00,  0.39,  4.70,  22.91,  22.91
2023-01-27 16:00, 641.90, 0.00,  0.39,  4.70,  22.91,  22.91
2023-01-27 17:00, 641.90, 0.00,  0.39,  4.70,  22.91,  22.91
2023-01-27 18:00, 641.90, 0.00,  0.39,  4.70,  22.91,  22.91
2023-01-27 19:00, 642.01, 0.11,  0.50,  4.81,  23.02,  23.02
2023-01-27 20:00, 642.01, 0.00,  0.50,  4.81,  23.02,  23.02
2023-01-27 21:00, 642.01, 0.00,  0.50,  4.81,  23.02,  23.02
2023-01-27 22:00, 642.01, 0.00,  0.50,  4.81,  23.02,  23.02
2023-01-27 23:00, 642.44, 0.43,  0.93,  5.24,  23.45,  23.45
2023-01-28 00:00, 642.44, 0.00,  0.00,  5.24,  23.45,  23.45
2023-01-28 01:00, 642.44, 0.00,  0.00,  5.24,  23.45,  23.45
2023-01-28 02:00, 642.44, 0.00,  0.00,  5.24,  23.45,  23.45
2023-01-28 03:00, 642.44, 0.00,  0.00,  5.24,  23.45,  23.45
2023-01-28 04:00, 642.44, 0.00,  0.00,  5.24,  23.45,  23.45
2023-01-28 05:00, 642.44, 0.00,  0.00,  5.24,  23.45,  23.45
2023-01-28 06:00, 642.44, 0.00,  0.00,  5.24,  23.45,  23.45
2023-01-28 07:00, 642.71, 0.27,  0.27,  5.51,  23.72,  23.72
2023-01-28 08:00, 642.71, 0.00,  0.27,  5.51,  23.72,  23.72
2023-01-28 09:00, 642.93, 0.22,  0.49,  5.73,  23.94,  23.94
2023-01-28 10:00, 642.93, 0.00,  0.49,  5.73,  23.94,  23.94
2023-01-28 11:00, 642.93, 0.00,  0.49,  5.73,  23.94,  23.94
2023-01-28 12:00, 642.93, 0.00,  0.49,  5.73,  23.94,  23.94
2023-01-28 13:00, 642.93, 0.00,  0.49,  5.73,  23.94,  23.94
2023-01-28 14:00, 642.93, 0.00,  0.49,  5.73,  23.94,  23.94
2023-01-28 15:00, 642.93, 0.00,  0.49,  5.73,  23.94,  23.94
2023-01-28 16:00, 642.93, 0.00,  0.49,  5.73,  23.94,  23.94
2023-01-28 17:00, 642.93, 0.00,  0.49,  5.73,  23.94,  23.94
2023-01-28 18:00, 642.93, 0.00,  0.49,  5.73,  23.94,  23.94
2023-01-28 19:00, 642.93, 0.00,  0.49,  5.73,  23.94,  23.94
2023-01-28 20:00, 642.93, 0.00,  0.49,  5.73,  23.94,  23.94
2023-01-28 21:00, 642.93, 0.00,  0.49,  5.73,  23.94,  23.94
2023-01-28 22:00, 643.18, 0.25,  0.74,  5.98,  24.19,  24.19
2023-01-28 23:00, 643.25, 0.07,  0.81,  6.05,  24.26,  24.26
2023-01-29 00:00, 643.25, 0.00,  0.00,  6.05,  24.26,  24.26
2023-01-29 01:00, 643.25, 0.00,  0.00,  6.05,  24.26,  24.26
2023-01-29 02:00, 643.26, 0.01,  0.01,  6.06,  24.27,  24.27
2023-01-29 03:00, 643.26, 0.00,  0.01,  6.06,  24.27,  24.27
2023-01-29 04:00, 643.26, 0.00,  0.01,  6.06,  24.27,  24.27
2023-01-29 05:00, 643.26, 0.00,  0.01,  6.06,  24.27,  24.27
2023-01-29 06:00, 643.27, 0.01,  0.02,  6.07,  24.28,  24.28
2023-01-29 07:00, 643.61, 0.34,  0.36,  6.41,  24.62,  24.62
2023-01-29 08:00, 643.90, 0.29,  0.65,  6.70,  24.91,  24.91
2023-01-29 09:00, 643.90, 0.00,  0.65,  6.70,  24.91,  24.91
2023-01-29 10:00, 643.90, 0.00,  0.65,  6.70,  24.91,  24.91
2023-01-29 11:00, 643.90, 0.00,  0.65,  6.70,  24.91,  24.91
2023-01-29 12:00, 643.90, 0.00,  0.65,  6.70,  24.91,  24.91
2023-01-29 13:00, 643.90, 0.00,  0.65,  6.70,  24.91,  24.91
2023-01-29 14:00, 643.90, 0.00,  0.65,  6.70,  24.91,  24.91
2023-01-29 15:00, 643.90, 0.00,  0.65,  6.70,  24.91,  24.91
2023-01-29 16:00, 643.90, 0.00,  0.65,  6.70,  24.91,  24.91
2023-01-29 17:00, 644.16, 0.26,  0.91,  6.96,  25.17,  25.17
2023-01-29 18:00, 644.16, 0.00,  0.91,  6.96,  25.17,  25.17
2023-01-29 19:00, 644.16, 0.00,  0.91,  6.96,  25.17,  25.17
2023-01-29 20:00, 644.16, 0.00,  0.91,  6.96,  25.17,  25.17
2023-01-29 21:00, 644.16, 0.00,  0.91,  6.96,  25.17,  25.17
2023-01-29 22:00, 644.32, 0.16,  1.07,  7.12,  25.33,  25.33
2023-01-29 23:00, 644.56, 0.24,  1.31,  7.36,  25.57,  25.57
2023-01-30 00:00, 644.56, 0.00,  0.00,  0.00,  25.57,  25.57
2023-01-30 01:00, 644.56, 0.00,  0.00,  0.00,  25.57,  25.57
2023-01-30 02:00, 644.56, 0.00,  0.00,  0.00,  25.57,  25.57
2023-01-30 03:00, 644.56, 0.00,  0.00,  0.00,  25.57,  25.57
2023-01-30 04:00, 644.56, 0.00,  0.00,  0.00,  25.57,  25.57
2023-01-30 05:00, 644.56, 0.00,  0.00,  0.00,  25.57,  25.57
2023-01-30 06:00, 644.56, 0.00,  0.00,  0.00,  25.57,  25.57
2023-01-30 07:00, 644.79, 0.23,  0.23,  0.23,  25.80,  25.80
2023-01-30 08:00, 645.03, 0.24,  0.47,  0.47,  26.04,  26.04
2023-01-30 09:00, 645.03, 0.00,  0.47,  0.47,  26.04,  26.04
2023-01-30 10:00, 645.03, 0.00,  0.47,  0.47,  26.04,  26.04
2023-01-30 11:00, 645.03, 0.00,  0.47,  0.47,  26.04,  26.04
2023-01-30 12:00, 645.03, 0.00,  0.47,  0.47,  26.04,  26.04
2023-01-30 13:00, 645.03, 0.00,  0.47,  0.47,  26.04,  26.04
2023-01-30 14:00, 645.03, 0.00,  0.47,  0.47,  26.04,  26.04
2023-01-30 15:00, 645.03, 0.00,  0.47,  0.47,  26.04,  26.04
2023-01-30 16:00, 645.03, 0.00,  0.47,  0.47,  26.04,  26.04
2023-01-30 17:00, 645.03, 0.00,  0.47,  0.47,  26.04,  26.04
2023-01-30 18:00, 645.03, 0.00,  0.47,  0.47,  26.04,  26.04
2023-01-30 19:00, 645.03, 0.00,  0.47,  0.47,  26.04,  26.04
2023-01-30 20:00, 645.03, 0.00,  0.47,  0.47,  26.04,  26.04
2023-01-30 21:00, 645.03, 0.00,  0.47,  0.47,  26.04,  26.04
2023-01-30 22:00, 645.40, 0.37,  0.84,  0.84,  26.41,  26.41
2023-01-30 23:00, 645.40, 0.00,  0.84,  0.84,  26.41,  26.41
2023-01-31 00:00, 645.40, 0.00,  0.00,  0.84,  26.41,  26.41
2023-01-31 01:00, 645.40, 0.00,  0.00,  0.84,  26.41,  26.41
2023-01-31 02:00, 645.40, 0.00,  0.00,  0.84,  26.41,  26.41
2023-01-31 03:00, 645.40, 0.00,  0.00,  0.84,  26.41,  26.41
2023-01-31 04:00, 645.40, 0.00,  0.00,  0.84,  26.41,  26.41
2023-01-31 05:00, 645.40, 0.00,  0.00,  0.84,  26.41,  26.41
2023-01-31 06:00, 645.40, 0.00,  0.00,  0.84,  26.41,  26.41
2023-01-31 07:00, 645.62, 0.22,  0.22,  1.06,  26.63,  26.63
2023-01-31 08:00, 645.62, 0.00,  0.22,  1.06,  26.63,  26.63
2023-01-31 09:00, 645.62, 0.00,  0.22,  1.06,  26.63,  26.63
2023-01-31 10:00, 645.62, 0.00,  0.22,  1.06,  26.63,  26.63
2023-01-31 11:00, 645.62, 0.00,  0.22,  1.06,  26.63,  26.63
2023-01-31 12:00, 645.62, 0.00,  0.22,  1.06,  26.63,  26.63
2023-01-31 13:00, 645.62, 0.00,  0.22,  1.06,  26.63,  26.63
2023-01-31 14:00, 645.69, 0.07,  0.29,  1.13,  26.70,  26.70
2023-01-31 15:00, 645.69, 0.00,  0.29,  1.13,  26.70,  26.70
2023-01-31 16:00, 645.69, 0.00,  0.29,  1.13,  26.70,  26.70
2023-01-31 17:00, 645.69, 0.00,  0.29,  1.13,  26.70,  26.70
2023-01-31 18:00, 645.69, 0.00,  0.29,  1.13,  26.70,  26.70
2023-01-31 19:00, 645.69, 0.00,  0.29,  1.13,  26.70,  26.70
2023-01-31 20:00, 645.69, 0.00,  0.29,  1.13,  26.70,  26.70
2023-01-31 21:00, 645.69, 0.00,  0.29,  1.13,  26.70,  26.70
2023-01-31 22:00, 646.32, 0.63,  0.92,  1.76,  27.33,  27.33
2023-01-31 23:00, 646.52, 0.20,  1.12,  1.96,  27.53,  27.53
2023-02-01 00:00, 646.52, 0.00,  0.00,  1.96,  0.00,  27.53
2023-02-01 01:00, 646.52, 0.00,  0.00,  1.96,  0.00,  27.53
2023-02-01 02:00, 646.52, 0.00,  0.00,  1.96,  0.00,  27.53
2023-02-01 03:00, 646.52, 0.00,  0.00,  1.96,  0.00,  27.53
2023-02-01 04:00, 646.52, 0.00,  0.00,  1.96,  0.00,  27.53
2023-02-01 05:00, 646.52, 0.00,  0.00,  1.96,  0.00,  27.53
2023-02-01 06:00, 646.52, 0.00,  0.00,  1.96,  0.00,  27.53
2023-02-01 07:00, 646.79, 0.27,  0.27,  2.23,  0.27,  27.80
2023-02-01 08:00, 647.02, 0.23,  0.50,  2.46,  0.50,  28.03
2023-02-01 09:00, 647.02, 0.00,  0.50,  2.46,  0.50,  28.03
2023-02-01 10:00, 647.02, 0.00,  0.50,  2.46,  0.50,  28.03
2023-02-01 11:00, 647.02, 0.00,  0.50,  2.46,  0.50,  28.03
2023-02-01 12:00, 647.02, 0.00,  0.50,  2.46,  0.50,  28.03
2023-02-01 13:00, 647.02, 0.00,  0.50,  2.46,  0.50,  28.03
2023-02-01 14:00, 647.02, 0.00,  0.50,  2.46,  0.50,  28.03
2023-02-01 15:00, 647.02, 0.00,  0.50,  2.46,  0.50,  28.03
2023-02-01 16:00, 647.02, 0.00,  0.50,  2.46,  0.50,  28.03
2023-02-01 17:00, 647.02, 0.00,  0.50,  2.46,  0.50,  28.03
2023-02-01 18:00, 647.02, 0.00,  0.50,  2.46,  0.50,  28.03
2023-02-01 19:00, 647.02, 0.00,  0.50,  2.46,  0.50,  28.03
2023-02-01 20:00, 647.02, 0.00,  0.50,  2.46,  0.50,  28.03
2023-02-01 21:00, 647.02, 0.00,  0.50,  2.46,  0.50,  28.03
2023-02-01 22:00, 647.34, 0.32,  0.82,  2.78,  0.82,  28.35
2023-02-01 23:00, 647.34, 0.00,  0.82,  2.78,  0.82,  28.35
2023-02-02 00:00, 647.34, 0.00,  0.00,  2.78,  0.82,  28.35
2023-02-02 01:00, 647.34, 0.00,  0.00,  2.78,  0.82,  28.35
2023-02-02 02:00, 647.34, 0.00,  0.00,  2.78,  0.82,  28.35
2023-02-02 03:00, 647.34, 0.00,  0.00,  2.78,  0.82,  28.35
2023-02-02 04:00, 647.34, 0.00,  0.00,  2.78,  0.82,  28.35
2023-02-02 05:00, 647.34, 0.00,  0.00,  2.78,  0.82,  28.35
2023-02-02 06:00, 647.34, 0.00,  0.00,  2.78,  0.82,  28.35
2023-02-02 07:00, 647.55, 0.21,  0.21,  2.99,  1.03,  28.56
2023-02-02 08:00, 647.55, 0.00,  0.21,  2.99,  1.03,  28.56
2023-02-02 09:00, 647.55, 0.00,  0.21,  2.99,  1.03,  28.56
2023-02-02 10:00, 647.55, 0.00,  0.21,  2.99,  1.03,  28.56
2023-02-02 11:00, 647.83, 0.28,  0.49,  3.27,  1.31,  28.84
2023-02-02 12:00, 647.83, 0.00,  0.49,  3.27,  1.31,  28.84
2023-02-02 13:00, 647.83, 0.00,  0.49,  3.27,  1.31,  28.84
2023-02-02 14:00, 647.83, 0.00,  0.49,  3.27,  1.31,  28.84
2023-02-02 15:00, 647.83, 0.00,  0.49,  3.27,  1.31,  28.84
2023-02-02 16:00, 647.83, 0.00,  0.49,  3.27,  1.31,  28.84
2023-02-02 17:00, 647.83, 0.00,  0.49,  3.27,  1.31,  28.84
2023-02-02 18:00, 647.83, 0.00,  0.49,  3.27,  1.31,  28.84
2023-02-02 19:00, 647.83, 0.00,  0.49,  3.27,  1.31,  28.84
2023-02-02 20:00, 647.83, 0.00,  0.49,  3.27,  1.31,  28.84
2023-02-02 21:00, 647.83, 0.00,  0.49,  3.27,  1.31,  28.84
2023-02-02 22:00, 648.13, 0.30,  0.79,  3.57,  1.61,  29.14
2023-02-02 23:00, 648.13, 0.00,  0.79,  3.57,  1.61,  29.14
2023-02-03 00:00, 648.13, 0.00,  0.00,  3.57,  1.61,  29.14
2023-02-03 01:00, 648.13, 0.00,  0.00,  3.57,  1.61,  29.14
2023-02-03 02:00, 648.13, 0.00,  0.00,  3.57,  1.61,  29.14
2023-02-03 03:00, 648.13, 0.00,  0.00,  3.57,  1.61,  29.14
2023-02-03 04:00, 648.13, 0.00,  0.00,  3.57,  1.61,  29.14
2023-02-03 05:00, 648.13, 0.00,  0.00,  3.57,  1.61,  29.14
2023-02-03 06:00, 648.13, 0.00,  0.00,  3.57,  1.61,  29.14
2023-02-03 07:00, 648.51, 0.38,  0.38,  3.95,  1.99,  29.52
2023-02-03 08:00, 648.51, 0.00,  0.38,  3.95,  1.99,  29.52
2023-02-03 09:00, 648.51, 0.00,  0.38,  3.95,  1.99,  29.52
2023-02-03 10:00, 648.51, 0.00,  0.38,  3.95,  1.99,  29.52
2023-02-03 11:00, 648.51, 0.00,  0.38,  3.95,  1.99,  29.52
2023-02-03 12:00, 648.85, 0.34,  0.72,  4.29,  2.33,  29.86
2023-02-03 13:00, 648.85, 0.00,  0.72,  4.29,  2.33,  29.86
2023-02-03 14:00, 648.85, 0.00,  0.72,  4.29,  2.33,  29.86
2023-02-03 15:00, 648.85, 0.00,  0.72,  4.29,  2.33,  29.86
2023-02-03 16:00, 648.85, 0.00,  0.72,  4.29,  2.33,  29.86
2023-02-03 17:00, 648.85, 0.00,  0.72,  4.29,  2.33,  29.86
2023-02-03 18:00, 648.85, 0.00,  0.72,  4.29,  2.33,  29.86
2023-02-03 19:00, 648.85, 0.00,  0.72,  4.29,  2.33,  29.86
2023-02-03 20:00, 648.85, 0.00,  0.72,  4.29,  2.33,  29.86
2023-02-03 21:00, 648.85, 0.00,  0.72,  4.29,  2.33,  29.86
2023-02-03 22:00, 649.13, 0.28,  1.00,  4.57,  2.61,  30.14
2023-02-03 23:00, 649.13, 0.00,  1.00,  4.57,  2.61,  30.14
2023-02-04 00:00, 649.13, 0.00,  0.00,  4.57,  2.61,  30.14
2023-02-04 01:00, 649.13, 0.00,  0.00,  4.57,  2.61,  30.14
2023-02-04 02:00, 649.13, 0.00,  0.00,  4.57,  2.61,  30.14
2023-02-04 03:00, 649.13, 0.00,  0.00,  4.57,  2.61,  30.14
2023-02-04 04:00, 649.13, 0.00,  0.00,  4.57,  2.61,  30.14
2023-02-04 05:00, 649.13, 0.00,  0.00,  4.57,  2.61,  30.14
2023-02-04 06:00, 649.13, 0.00,  0.00,  4.57,  2.61,  30.14
2023-02-04 07:00, 649.33, 0.20,  0.20,  4.77,  2.81,  30.34
2023-02-04 08:00, 649.52, 0.19,  0.39,  4.96,  3.00,  30.53
2023-02-04 09:00, 649.59, 0.07,  0.46,  5.03,  3.07,  30.60
2023-02-04 10:00, 649.59, 0.00,  0.46,  5.03,  3.07,  30.60
2023-02-04 11:00, 649.59, 0.00,  0.46,  5.03,  3.07,  30.60
2023-02-04 12:00, 649.65, 0.06,  0.52,  5.09,  3.13,  30.66
